ulica,kierunek,len_km,avg_per_h,max_per_h,day_max,score
Grochowska,zachód,3.26,46.9,64.0,997.0,152.9
Aleje Jerozolimskie,płd.-zach.,3.4,37.4,61.5,910.0,127.2
Grochowska,wschód,2.6,48.8,56.5,886.0,126.9
Żwirki i Wigury,południe,4.88,24.8,35.5,498.0,121.0
Światowida,południe,4.22,28.4,41.0,623.0,119.8
Żwirki i Wigury,północ,4.54,25.6,35.5,521.0,116.2
Ostrobramska,zachód,3.6,32.0,40.5,606.0,115.2
Światowida,północ,4.02,26.9,45.5,627.0,108.1
Czerniakowska,południe,3.24,32.9,43.0,638.0,106.6
Górczewska,zachód,4.54,23.0,36.5,548.0,104.4
Czerniakowska,północ,3.25,31.9,43.5,665.0,103.7
Ostrobramska,wschód,3.13,30.9,36.0,527.0,96.7
Generała Tadeusza Bora-Komorowskiego,zachód,2.26,39.3,52.0,685.0,88.8
Aleja Prymasa Tysiąclecia,południe,2.2,37.7,46.5,648.0,82.9
Górczewska,wschód,3.17,24.9,59.0,913.0,78.9
Generała Tadeusza Bora-Komorowskiego,wschód,2.17,35.5,49.0,676.0,77.0
Powstańców Śląskich,północ,3.6,21.3,32.0,522.0,76.7
Radzymińska,płn.-wsch.,3.13,24.4,41.0,557.0,76.4
Aleja Prymasa Tysiąclecia,północ,1.92,39.0,45.0,645.0,74.9
Powstańców Śląskich,południe,3.62,20.6,25.0,377.0,74.6
Aleja Wilanowska,zachód,2.91,25.1,57.0,873.0,73.0
Aleja Wilanowska,wschód,2.89,23.7,44.0,595.0,68.5
Lazurowa,północ,2.54,25.3,51.5,796.0,64.3
Aleje Jerozolimskie,płn.-wsch.,2.23,28.2,61.5,904.0,62.9
Głębocka,północ,2.7,23.2,38.0,540.0,62.6
Puławska,południe,2.76,22.4,26.5,359.0,61.8
Patriotów,płd.-wsch.,3.65,16.2,19.5,327.0,59.1
Lazurowa,południe,2.56,22.9,35.5,561.0,58.6
Głębocka,południe,2.66,21.8,35.5,480.0,58.0
Płowiecka,płn.-zach.,1.81,31.7,43.5,701.0,57.4
Saska,płn.-zach.,1.74,32.9,43.0,561.0,57.2
Łopuszańska,wschód,2.07,27.5,35.0,462.0,56.9
Łopuszańska,zachód,2.06,26.8,31.0,453.0,55.2
Patriotów,płn.-zach.,3.44,15.8,19.0,314.0,54.4
Płowiecka,płd.-wsch.,1.86,28.9,46.0,701.0,53.8
Saska,płd.-wsch.,1.72,31.0,41.0,549.0,53.3
Puławska,północ,2.13,24.7,63.5,934.0,52.6
Toruńska,płn.-wsch.,2.46,21.3,32.0,469.0,52.4
Franciszka Hynka,płd.-wsch.,1.56,33.6,34.0,429.0,52.4
Franciszka Hynka,płn.-zach.,1.56,33.1,33.5,430.0,51.6
Świętego Bonifacego,płd.-zach.,1.64,30.2,32.5,529.0,49.5
Aleja Armii Krajowej,płd.-zach.,1.15,42.5,47.0,660.0,48.9
Świętego Bonifacego,płn.-wsch.,1.5,32.1,36.0,570.0,48.2
Indiry Gandhi,płn.-wsch.,1.4,31.7,45.0,739.0,44.4
Indiry Gandhi,płd.-zach.,1.41,31.2,46.0,734.0,44.0
Pułkowa,płd.-wsch.,1.95,22.5,24.0,334.0,43.9
Nowoursynowska,płd.-wsch.,1.93,22.5,38.0,579.0,43.4
Powsińska,płn.-zach.,1.53,27.3,43.0,670.0,41.8
Toruńska,płd.-zach.,1.71,24.0,31.0,473.0,41.0
Targowa,płn.-zach.,1.44,28.4,43.5,727.0,40.9
Aleja Lotników,płd.-wsch.,1.13,36.0,39.5,536.0,40.7
Nowoursynowska,płn.-zach.,1.85,21.9,31.0,458.0,40.5
Powsińska,płd.-wsch.,1.48,26.8,32.0,464.0,39.7
Jana Pawła II,zachód,1.93,20.5,21.0,331.0,39.6
Aleje Ujazdowskie,północ,1.39,28.4,32.0,436.0,39.5
Targowa,płd.-wsch.,1.04,37.9,48.0,735.0,39.4
Wałbrzyska,wschód,1.15,34.0,38.5,537.0,39.1
Jana Pawła II,wschód,1.87,20.5,21.0,331.0,38.3
Aleja Lotników,płn.-zach.,1.13,33.8,37.5,513.0,38.2
Wałbrzyska,zachód,1.15,33.1,37.5,524.0,38.1
Marsa,płd.-zach.,1.04,36.6,37.5,607.0,38.1
Szaserów,wschód,1.5,25.1,25.5,344.0,37.7
Marsa,płn.-wsch.,1.01,36.7,37.5,611.0,37.1
Aleja Armii Krajowej,płn.-wsch.,0.89,41.5,41.5,579.0,36.9
Szaserów,zachód,1.5,24.3,24.5,349.0,36.4
Aleje Ujazdowskie,południe,1.39,26.0,29.0,434.0,36.1
Aleja „Solidarności”,płn.-wsch.,1.79,20.0,22.0,385.0,35.8
Świętego Wincentego,północ,1.92,18.0,30.5,499.0,34.6
Świętego Wincentego,południe,1.91,18.0,18.0,321.0,34.4
Chodecka,południe,1.31,25.4,42.0,671.0,33.3
Ryżowa,płn.-wsch.,0.93,35.6,37.0,488.0,33.1
Ludwika Kondratowicza,zachód,0.91,36.1,59.5,923.0,32.9
Stefana Żeromskiego,wschód,1.68,19.3,24.0,387.0,32.4
Ludwika Kondratowicza,wschód,1.01,31.9,42.5,695.0,32.2
Stefana Żeromskiego,zachód,1.68,19.1,24.0,386.0,32.1
Most Generała Stefana Grota-Roweckiego,płd.-zach.,0.68,47.0,47.0,660.0,32.0
Chodecka,północ,1.24,25.7,29.0,455.0,31.9
Ryżowa,płd.-zach.,0.94,33.7,35.5,485.0,31.7
Most Generała Stefana Grota-Roweckiego,płn.-wsch.,0.68,46.5,46.5,654.0,31.6
Człuchowska,wschód,1.02,30.5,31.5,464.0,31.1
Skarbka z Gór,południe,1.11,27.1,27.5,366.0,30.1
Dzieci Warszawy,płd.-wsch.,0.9,33.2,35.0,466.0,29.9
Dzieci Warszawy,płn.-zach.,0.9,31.5,33.5,458.0,28.4
Skarbka z Gór,północ,1.05,26.7,27.0,370.0,28.0
Pułkowa,płn.-zach.,1.15,23.5,23.5,338.0,27.0
Aleja Generał Marii Wittek,północ,0.88,30.2,40.5,639.0,26.6
Aleja Zieleniecka,południe,1.09,24.4,24.5,348.0,26.6
Marynarska,wschód,0.79,33.6,34.0,431.0,26.5
Jana III Sobieskiego,płn.-zach.,1.19,22.1,30.5,441.0,26.3
Belwederska,płn.-zach.,1.03,25.3,26.5,367.0,26.1
Radzymińska,płd.-zach.,1.1,23.6,25.5,355.0,26.0
Człuchowska,zachód,0.86,30.2,31.0,479.0,26.0
Jana III Sobieskiego,płd.-wsch.,1.31,19.4,25.0,369.0,25.4
Jana Pawła Woronicza,wschód,1.17,21.7,27.5,454.0,25.4
Korkowa,wschód,1.2,20.6,21.5,351.0,24.7
Aleja Józefa Becka,płd.-zach.,1.48,16.7,17.0,267.0,24.7
Marynarska,zachód,0.73,33.1,33.5,431.0,24.2
Kleszczowa,płd.-wsch.,0.72,33.5,33.5,452.0,24.1
Trocka,płd.-wsch.,0.93,25.5,31.0,388.0,23.7
Korkowa,zachód,1.16,20.4,21.0,334.0,23.7
Leona Berensona,zachód,0.8,29.4,44.75,583.0,23.5
Jana Rosoła,płd.-wsch.,1.37,17.1,18.0,296.0,23.4
Podpułkownika Mieczysława Sokołowskiego „Grzymały”,płn.-zach.,0.53,44.0,44.0,637.0,23.3
Aleja Józefa Becka,płn.-wsch.,1.38,16.7,17.0,264.0,23.0
Karola Dickensa,płn.-zach.,0.95,24.2,30.75,389.0,23.0
Adama Branickiego,płn.-wsch.,1.46,15.7,16.0,268.0,22.9
Aleja Stanów Zjednoczonych,płd.-zach.,0.82,27.4,28.0,387.0,22.5
Wrocławska,południe,1.3,17.2,17.5,276.0,22.4
Ludwika Waryńskiego,południe,0.68,32.9,38.5,543.0,22.4
Kleszczowa,płn.-zach.,0.72,31.0,31.0,456.0,22.3
Adama Branickiego,płd.-zach.,1.38,16.0,16.0,259.0,22.1
Aleja Stanów Zjednoczonych,płn.-wsch.,0.7,31.6,63.5,900.0,22.1
Wrocławska,północ,1.3,16.8,17.0,276.0,21.8
Leona Berensona,wschód,0.75,28.5,32.5,436.0,21.4
Radiowa,płn.-zach.,1.31,15.7,23.0,346.0,20.6
Dźwigowa,południe,1.22,16.6,17.0,267.0,20.3
Dźwigowa,północ,1.23,16.5,16.5,279.0,20.3
Generała Augusta Emila Fieldorfa „Nila”,południe,1.13,17.9,24.0,401.0,20.2
Trocka,płn.-zach.,0.79,25.4,35.0,460.0,20.1
Ludwika Waryńskiego,północ,0.67,29.9,38.0,543.0,20.0
Malborska,płn.-wsch.,0.84,23.8,24.0,323.0,20.0
Generała Augusta Emila Fieldorfa „Nila”,północ,1.13,17.6,19.5,325.0,19.9
Bitwy Warszawskiej 1920 roku,płd.-wsch.,0.57,34.8,43.5,673.0,19.8
Rozbrat,płd.-wsch.,0.99,20.0,20.0,291.0,19.8
Belwederska,płd.-wsch.,0.82,24.0,24.0,364.0,19.7
Aleja Generał Marii Wittek,południe,0.74,26.5,26.5,374.0,19.6
Bronisława Czecha,zachód,0.96,20.3,21.0,318.0,19.5
Josepha Conrada,północ,1.05,18.3,22.0,351.0,19.2
Radiowa,płd.-wsch.,1.25,15.3,17.5,288.0,19.1
Bitwy Warszawskiej 1920 roku,płn.-zach.,0.53,35.0,35.0,512.0,18.6
Rozbrat,płn.-zach.,0.99,18.7,19.0,288.0,18.5
Powązkowska,płn.-zach.,1.09,16.8,17.0,261.0,18.3
Adama Mickiewicza,płn.-zach.,1.09,16.7,17.5,295.0,18.2
Zamieniecka,północ,0.9,20.1,23.5,372.0,18.1
Jurija Gagarina,wschód,1.18,15.0,15.0,244.0,17.7
Bronisława Czecha,wschód,0.95,18.5,19.0,309.0,17.6
Karola Dickensa,płd.-wsch.,0.56,31.4,32.0,432.0,17.6
Zamieniecka,południe,0.88,19.8,24.0,374.0,17.4
Łukowska,wschód,0.99,17.4,21.0,296.0,17.2
Ostródzka,południe,0.96,17.8,22.0,284.0,17.1
Aleja Księcia Józefa Poniatowskiego,wschód,0.49,34.9,37.0,577.0,17.1
Jana Ciszewskiego,płn.-wsch.,1.03,16.5,25.5,389.0,17.0
Władysława Umińskiego,płn.-zach.,0.88,19.2,19.5,329.0,16.9
Władysława Umińskiego,płd.-wsch.,0.88,19.1,25.0,409.0,16.8
Popularna,wschód,0.91,18.5,18.5,278.0,16.8
Sokratesa,płn.-wsch.,1.09,15.2,20.0,303.0,16.6
Most Księcia Józefa Poniatowskiego,wschód,0.58,28.7,29.0,462.0,16.6
Żegańska,zachód,0.81,20.5,20.75,312.0,16.6
Most Księcia Józefa Poniatowskiego,zachód,0.57,29.1,29.5,466.0,16.6
Jana Rosoła,płn.-zach.,0.93,17.7,28.5,469.0,16.5
Popularna,zachód,0.91,18.0,18.0,284.0,16.4
Aleja Księcia Józefa Poniatowskiego,zachód,0.48,34.2,38.5,583.0,16.4
Sasanki,zachód,0.49,33.5,33.5,430.0,16.4
Żegańska,wschód,0.81,20.0,20.0,306.0,16.2
Strażacka,wschód,0.74,21.7,22.5,323.0,16.1
Strażacka,zachód,0.72,22.3,22.5,321.0,16.1
Raszyńska,południe,0.91,17.7,18.0,260.0,16.1
Aleja Dzieci Polskich,wschód,0.77,20.7,21.0,306.0,15.9
Jana Ciszewskiego,płd.-zach.,0.89,17.9,22.0,356.0,15.9
Aleja Generała Antoniego Chruściela „Montera”,płn.-wsch.,0.88,17.9,22.0,327.0,15.8
Aleja Generała Antoniego Chruściela „Montera”,płd.-zach.,0.88,18.0,22.5,321.0,15.8
Piotra Wysockiego,płd.-wsch.,0.76,20.5,31.0,462.0,15.6
Walerego Sławka,północ,0.46,33.5,33.5,438.0,15.4
Aleja Władysława Reymonta,płd.-zach.,0.88,17.4,19.5,309.0,15.3
Mariana Keniga,południe,0.58,26.4,29.0,458.0,15.3
Łukowska,zachód,0.92,16.5,17.0,259.0,15.2
Ostródzka,północ,0.95,15.9,16.0,228.0,15.1
Piotra Wysockiego,płn.-zach.,0.76,19.7,30.0,464.0,15.0
Grójecka,płd.-zach.,0.9,16.7,25.0,406.0,15.0
Juliusza Słowackiego,płd.-wsch.,0.52,28.8,41.0,612.0,15.0
Bolesława Chrobrego,północ,0.64,23.5,23.75,372.0,15.0
Bolesława Chrobrego,południe,0.63,23.5,23.5,365.0,14.8
Wincentego Rzymowskiego,północ,0.74,20.0,26.0,391.0,14.8
Aleja 4 Czerwca 1989 r.,południe,0.98,15.0,15.5,263.0,14.7
Aleja 4 Czerwca 1989 r.,północ,0.93,15.5,15.5,237.0,14.4
Jana Pawła Woronicza,zachód,0.8,18.0,20.0,333.0,14.4
Aleja Władysława Reymonta,płn.-wsch.,0.84,17.1,19.0,319.0,14.4
Walerego Sławka,południe,0.46,31.0,31.0,432.0,14.3
Wincentego Rzymowskiego,południe,0.76,18.5,23.0,388.0,14.1
Łabiszyńska,północ,0.7,20.0,24.0,359.0,14.0
Wiatraczna,południe,0.55,25.2,25.5,346.0,13.9
Aleja Komisji Edukacji Narodowej,płd.-wsch.,0.61,22.8,28.5,441.0,13.9
Mińska,płd.-zach.,0.82,17.0,17.0,266.0,13.9
Aleja Dzieci Polskich,zachód,0.68,20.5,20.5,312.0,13.9
Michała Ossowskiego,płd.-wsch.,0.86,16.2,16.5,232.0,13.9
Michała Ossowskiego,płn.-zach.,0.86,16.0,16.0,235.0,13.8
Aleja Komisji Edukacji Narodowej,płn.-zach.,0.71,19.4,23.0,375.0,13.8
Francuska,płn.-zach.,0.76,18.0,18.0,250.0,13.7
Książęca,zachód,0.58,23.4,23.5,388.0,13.6
Bohaterów Warszawy,płd.-wsch.,0.68,20.0,20.5,248.0,13.6
Most Siekierkowski,płd.-zach.,0.78,17.0,17.0,267.0,13.3
Most Siekierkowski,płn.-wsch.,0.78,17.0,17.0,264.0,13.3
Płocka,północ,0.77,17.3,17.5,265.0,13.3
Mariana Keniga,północ,0.47,28.1,31.0,471.0,13.2
Bohaterów Warszawy,płn.-zach.,0.68,19.4,19.5,249.0,13.2
Książęca,wschód,0.57,23.0,23.0,385.0,13.1
Płocka,południe,0.75,17.0,17.0,274.0,12.8
Żołnierzy Wyklętych,południe,0.75,17.0,17.0,213.0,12.8
Wyszogrodzka,wschód,0.69,18.6,19.0,288.0,12.8
Erazma Ciołka,północ,0.8,16.0,16.0,247.0,12.8
Sokola,północ,0.53,24.0,25.5,343.0,12.7
Orląt Lwowskich,wschód,0.46,27.3,31.0,470.0,12.6
Wyszogrodzka,zachód,0.68,18.5,18.5,291.0,12.6
Bartnicza,płn.-wsch.,0.66,19.0,19.0,288.0,12.5
Adama Mickiewicza,płd.-wsch.,0.71,17.4,17.5,297.0,12.4
Żołnierzy Wyklętych,północ,0.75,16.5,16.5,212.0,12.4
Jana Zamoyskiego,zachód,0.49,25.2,28.5,397.0,12.3
Stefana Batorego,wschód,0.77,16.0,16.0,255.0,12.3
Żupnicza,płn.-wsch.,0.72,17.0,17.0,266.0,12.2
Miodowa,płn.-zach.,0.49,24.6,28.5,398.0,12.1
Francuska,płd.-wsch.,0.76,15.8,16.0,241.0,12.0
Wąwozowa,zachód,0.7,16.8,29.0,448.0,11.8
Egipska,wschód,0.26,45.5,45.5,612.0,11.8
Szczęśliwicka,płd.-zach.,0.67,17.6,21.0,308.0,11.8
Kijowska,płn.-wsch.,0.76,15.5,17.0,334.0,11.8
Egipska,zachód,0.25,47.4,48.0,623.0,11.8
Bartnicza,płd.-zach.,0.64,18.1,18.5,291.0,11.6
Kopińska,płn.-zach.,0.29,39.2,39.5,582.0,11.4
Stanisława Herbsta,płd.-zach.,0.72,15.8,17.0,294.0,11.4
Młodzieńcza,płd.-wsch.,0.67,17.0,17.0,267.0,11.4
Eugeniusza Romera,wschód,0.72,15.5,15.5,261.0,11.2
Miodowa,płd.-wsch.,0.49,22.5,22.5,384.0,11.0
Jurija Gagarina,zachód,0.73,15.0,15.0,237.0,11.0
Generała Stanisława Maczka,płn.-zach.,0.64,17.0,17.0,254.0,10.9
Szczęśliwicka,płn.-wsch.,0.68,16.0,16.0,194.0,10.9
Generała Stanisława Maczka,płd.-wsch.,0.64,17.0,17.0,253.0,10.9
Jana Ostroroga,północ,0.6,17.5,17.5,265.0,10.5
Emilii Plater,południe,0.45,23.1,39.5,719.0,10.4
Sokola,południe,0.4,25.7,26.0,343.0,10.3
Wiatraczna,północ,0.41,25.0,25.0,340.0,10.2
Wąwozowa,wschód,0.6,17.0,17.0,251.0,10.2
Jagiellońska,płd.-wsch.,0.61,16.5,16.5,233.0,10.1
Powązkowska,płd.-wsch.,0.62,16.1,17.0,265.0,10.0
Adolfa Pawińskiego,płd.-zach.,0.67,15.0,15.0,201.0,10.0
Bysławska,zachód,0.51,19.4,23.0,374.0,9.9
Rondo Wiatraczna,płd.-wsch.,0.19,52.1,63.0,985.0,9.9
Dereniowa,płn.-zach.,0.62,16.0,16.0,245.0,9.9
Graniczna,płn.-wsch.,0.65,15.0,15.0,228.0,9.8
Białobrzeska,płn.-wsch.,0.65,15.0,15.0,223.0,9.8
Młodzieńcza,płn.-zach.,0.58,16.5,16.5,271.0,9.6
Nowy Świat,płn.-zach.,0.23,41.8,42.0,600.0,9.6
Rotmistrza Witolda Pileckiego,płd.-wsch.,0.42,22.8,23.0,349.0,9.6
Aleja Krakowska,płn.-wsch.,0.52,18.4,18.5,293.0,9.6
Rondo Ignacego Mościckiego,wschód,0.17,55.7,76.0,1184.0,9.5
Aleja Krakowska,płd.-zach.,0.51,18.4,18.5,292.0,9.4
Brazylijska,wschód,0.41,22.5,22.5,224.0,9.2
Władysława Jagiełły,wschód,0.54,17.0,17.0,234.0,9.2
Piastów Śląskich,zachód,0.54,17.0,17.0,213.0,9.2
Podpułkownika Mieczysława Sokołowskiego „Grzymały”,płd.-wsch.,0.2,46.0,46.0,644.0,9.2
Rotmistrza Witolda Pileckiego,płn.-zach.,0.41,22.5,22.5,350.0,9.2
Bonifraterska,płn.-zach.,0.52,17.5,18.0,306.0,9.1
Jana Olbrachta,płd.-zach.,0.47,19.4,19.5,302.0,9.1
Jana Olbrachta,płn.-wsch.,0.48,19.0,19.0,300.0,9.1
Josepha Conrada,południe,0.48,18.5,18.5,303.0,8.9
Orląt Lwowskich,zachód,0.35,25.0,25.0,391.0,8.8
Jana Ostroroga,południe,0.51,17.0,17.0,262.0,8.7
Łazienkowska,wschód,0.53,16.1,16.5,273.0,8.5
Gwiaździsta,płn.-zach.,0.38,22.0,22.0,336.0,8.4
Jamesa Gordona Bennetta,północ,0.44,19.0,19.0,266.0,8.4
Wybrzeże Szczecińskie,płn.-zach.,0.33,25.5,25.5,343.0,8.4
Plac Trzech Krzyży,południe,0.26,32.2,37.0,571.0,8.4
Aleja Jerzego Waszyngtona,zachód,0.24,34.0,34.0,540.0,8.2
Piastów Śląskich,wschód,0.5,16.5,16.5,212.0,8.2
Podleśna,płn.-wsch.,0.5,16.5,16.5,245.0,8.2
Cierlicka,płd.-wsch.,0.38,21.5,21.5,318.0,8.2
Łazienkowska,zachód,0.49,16.5,16.5,274.0,8.1
Bonifraterska,płd.-wsch.,0.49,16.5,17.0,299.0,8.1
Generała Władysława Andersa,południe,0.53,15.0,15.0,253.0,8.0
Lubelska,północ,0.31,25.0,33.0,519.0,7.8
Gotarda,płn.-wsch.,0.48,16.0,16.0,240.0,7.7
Podleśna,płd.-zach.,0.48,16.0,16.0,246.0,7.7
Plac Konstytucji,południe,0.21,36.7,38.5,543.0,7.7
Zamoście,wschód,0.3,25.5,25.5,343.0,7.6
Graniczna,płd.-zach.,0.51,15.0,15.0,226.0,7.6
Generała Klemensa Stanisława Rudnickiego,płd.-zach.,0.33,23.0,23.0,342.0,7.6
Aleja Jerzego Waszyngtona,wschód,0.24,31.4,36.5,551.0,7.5
Plac generała Józefa Hallera,płn.-wsch.,0.32,23.5,24.0,377.0,7.5
79,płd.-wsch.,0.22,34.0,34.0,431.0,7.5
Józefa Chłopickiego,płn.-wsch.,0.39,19.0,19.5,271.0,7.4
Cierlicka,płn.-zach.,0.39,19.0,19.0,311.0,7.4
Plac generała Józefa Hallera,płd.-zach.,0.32,23.1,23.5,378.0,7.4
Jana Kasprowicza,płn.-zach.,0.3,24.0,24.0,413.0,7.2
Prosta,zachód,0.4,18.0,18.5,275.0,7.2
Obozowa,wschód,0.36,19.7,20.5,326.0,7.1
Generała Klemensa Stanisława Rudnickiego,płn.-wsch.,0.31,23.0,23.0,340.0,7.1
Warszawska,płn.-wsch.,0.44,15.9,17.0,234.0,7.0
Dąbrowszczaków,płn.-zach.,0.41,17.1,24.0,378.0,7.0
Łabiszyńska,południe,0.38,18.0,18.0,282.0,6.8
Mordechaja Anielewicza,płn.-wsch.,0.42,16.0,16.0,245.0,6.7
Modlińska,płd.-wsch.,0.22,30.5,31.0,471.0,6.7
Jana Zamoyskiego,wschód,0.29,23.0,23.0,387.0,6.7
Skośna,północ,0.17,38.6,42.0,537.0,6.6
Obrzeżna,południe,0.35,18.5,18.5,313.0,6.5
Rondo Ignacego Mościckiego,zachód,0.13,49.9,74.5,1190.0,6.5
Marszałkowska,północ,0.17,38.0,38.0,547.0,6.5
Połczyńska,płd.-zach.,0.39,16.5,16.5,270.0,6.4
Jana Kochanowskiego,zachód,0.37,17.0,17.0,251.0,6.3
Jana Kochanowskiego,wschód,0.37,17.0,17.0,253.0,6.3
Józefa Chłopickiego,płd.-zach.,0.33,18.8,19.0,262.0,6.2
Emilii Plater,północ,0.36,17.1,17.5,419.0,6.2
Inżynierska,płd.-wsch.,0.32,19.0,19.0,311.0,6.1
Porajów,płd.-zach.,0.39,15.5,15.5,233.0,6.0
Połczyńska,płn.-wsch.,0.35,16.7,17.0,270.0,5.8
Wileńska,płd.-zach.,0.28,20.7,23.0,323.0,5.8
Stepowa,północ,0.34,17.0,17.0,278.0,5.8
Tadeusza Kościuszki,płd.-zach.,0.3,18.9,21.0,282.0,5.7
Stepowa,południe,0.34,16.5,16.5,282.0,5.6
Stanisława Herbsta,płn.-wsch.,0.34,16.4,16.5,253.0,5.6
Jana Kasprowicza,płd.-wsch.,0.25,22.3,23.0,386.0,5.6
Marcina Kasprzaka,zachód,0.33,16.8,18.5,275.0,5.5
Gwiaździsta,płd.-wsch.,0.25,21.5,21.5,329.0,5.4
Newelska,zachód,0.26,20.5,20.5,315.0,5.3
Plac Na Rozdrożu,północ,0.2,26.7,27.0,367.0,5.3
Dąbrowszczaków,płd.-wsch.,0.33,16.0,16.0,257.0,5.3
Włościańska,płd.-zach.,0.23,22.6,26.0,347.0,5.2
Andrzeja Krzyckiego,północ,0.29,18.0,18.0,269.0,5.2
Plac Na Rozdrożu,południe,0.21,24.5,24.5,364.0,5.1
Rondo Zesłańców Syberyjskich,płn.-zach.,0.15,33.7,41.5,596.0,5.1
Fort Wola,południe,0.3,17.0,17.0,256.0,5.1
Modlińska,płn.-zach.,0.18,27.5,27.5,453.0,5.0
Plac Krasińskich,płd.-wsch.,0.22,22.3,22.5,384.0,4.9
Plac Krasińskich,płn.-zach.,0.21,22.8,23.0,384.0,4.8
Plac Trzech Krzyży,północ,0.12,40.0,40.0,580.0,4.8
Okularowa,płn.-zach.,0.28,17.0,17.0,278.0,4.8
Nowy Świat,płd.-wsch.,0.23,21.0,21.0,304.0,4.8
Stefana Banacha,zachód,0.24,19.0,19.5,297.0,4.6
Bracka,płd.-wsch.,0.26,17.5,17.5,283.0,4.6
Plac Thomasa Woodrowa Wilsona,płd.-wsch.,0.18,25.0,33.5,560.0,4.5
Okularowa,płd.-wsch.,0.26,17.0,17.0,282.0,4.4
Stefana Starzyńskiego,płn.-wsch.,0.28,15.0,15.0,248.0,4.2
Myśliborska,płd.-wsch.,0.24,17.5,18.0,250.0,4.2
Unicka,płn.-wsch.,0.26,15.6,16.0,236.0,4.1
Unicka,płd.-zach.,0.25,16.3,16.5,233.0,4.1
Zgrupowania AK „Kampinos”,płn.-zach.,0.14,29.5,29.5,454.0,4.1
Zakole,północ,0.15,25.0,25.0,340.0,3.8
Królewska,zachód,0.16,24.0,24.0,348.0,3.8
Lewandów,wschód,0.11,33.6,39.0,503.0,3.7
Wybrzeże Kościuszkowskie,płd.-wsch.,0.24,15.0,15.0,240.0,3.6
Księcia Janusza,północ,0.18,19.9,20.5,315.0,3.6
Moliera,płn.-zach.,0.2,18.0,18.0,253.0,3.6
Chodakowska,południe,0.21,17.0,17.0,267.0,3.6
Myśliborska,płn.-zach.,0.22,16.1,16.5,248.0,3.5
Rondo Zesłańców Syberyjskich,płd.-wsch.,0.15,23.6,33.5,474.0,3.5
Tomasza Nocznickiego,płd.-zach.,0.14,25.3,25.5,407.0,3.5
Bokserska,wschód,0.21,16.0,16.0,240.0,3.4
Tamka,płn.-wsch.,0.21,16.0,16.0,249.0,3.4
Plac Thomasa Woodrowa Wilsona,płn.-zach.,0.15,22.4,25.5,394.0,3.4
Sasanki,wschód,0.1,34.0,34.0,431.0,3.4
Marcina Kasprzaka,wschód,0.2,16.5,16.5,250.0,3.3
Zajęcza,płd.-zach.,0.2,16.5,16.5,252.0,3.3
Zwoleńska,wschód,0.17,19.7,22.5,342.0,3.3
Plac Artura Zawiszy,południe,0.12,26.6,41.0,681.0,3.2
Plac marszałka Józefa Piłsudskiego,północ,0.18,18.0,18.0,259.0,3.2
Senatorska,płn.-wsch.,0.18,18.0,18.0,230.0,3.2
Zwoleńska,zachód,0.17,18.8,21.5,342.0,3.2
Bliska,płd.-wsch.,0.19,17.0,17.0,266.0,3.2
Lalki,wschód,0.15,21.0,21.0,299.0,3.2
Rondo Jerzego Waszyngtona,płd.-wsch.,0.11,28.6,40.5,610.0,3.1
Widoczna,wschód,0.2,15.0,15.0,235.0,3.0
Wspólna,wschód,0.19,16.0,16.0,288.0,3.0
Rondo Jerzego Waszyngtona,płn.-zach.,0.11,27.3,34.5,523.0,3.0
Ratuszowa,płn.-wsch.,0.19,16.0,16.0,243.0,3.0
Pętla autobusowa Winnica,płd.-zach.,0.14,20.4,33.5,439.0,2.9
Żelazowska,płn.-zach.,0.14,21.0,21.0,272.0,2.9
Wspólna,zachód,0.19,15.5,15.5,288.0,2.9
Rondo Ronalda Reagana,wschód,0.11,25.8,35.0,462.0,2.8
Myszkowska,płn.-wsch.,0.17,16.5,16.5,232.0,2.8
Myszkowska,płd.-zach.,0.17,16.0,16.0,235.0,2.7
Stefana Banacha,wschód,0.13,20.5,20.5,295.0,2.7
Wawelska,zachód,0.1,27.0,27.0,398.0,2.7
Kijowska,płd.-zach.,0.18,15.0,15.0,298.0,2.7
Tadeusza Kościuszki,płn.-wsch.,0.12,21.5,21.5,280.0,2.6
Generała Sylwestra Kaliskiego,południe,0.13,20.0,20.0,286.0,2.6
Pętla autobusowa Winnica,płn.-wsch.,0.14,18.0,18.0,234.0,2.5
Aluzyjna,płd.-zach.,0.14,17.8,18.0,264.0,2.5
Aluzyjna,płn.-wsch.,0.14,18.2,18.5,263.0,2.5
Globusowa,płd.-wsch.,0.12,20.0,20.0,308.0,2.4
Fort Wola,północ,0.14,16.5,16.5,257.0,2.3
Wolska,płn.-wsch.,0.14,16.5,16.5,270.0,2.3
Przyczółkowa,północ,0.14,16.0,16.0,218.0,2.2
Lalki,zachód,0.15,15.0,15.0,250.0,2.2
Globusowa,płn.-zach.,0.12,17.5,17.5,286.0,2.1
